timestamp,equity,pnl,pnl_pct,daily_pnl,cumulative_pnl
2026-08-11,99923.23,-76.77,-0.0008,-76.77000000000407,-76.77000000000407
2026-08-12,99551.43,-371.8,-0.0037,-371.8000000000029,-448.570000000007
2026-08-13,99555.06,3.63,0.0,3.6300000000046566,-444.9400000000023
2026-08-14,99551.03,-4.03,0.0,-4.029999999998836,-448.97000000000116
2026-08-15,99543.69,-7.34,-0.0001,-7.3399999999965075,-456.3099999999977
2026-08-17,99514.27,-485.7299999999959,-0.004857299999999959,-29.419999999998254,-485.7299999999959
2026-08-18,99515.93,-27.76,-0.0003,1.6599999999889405,-484.070000000007
2026-08-19,99513.39,-2.54,0.0,-2.539999999993597,-486.6100000000006
2026-08-20,99612.24,98.85,0.001,98.85000000000582,-387.75999999999476
